rdIndex,pepper,egg,water,salt,oil,soy sauce,onion,sugar,cream,flour,pork,beef,fish,chicken,sheep,lamb,meat
0,1,0,1,1,1,0,0,0,0,0,0,0,0,1,0,0,1
1,0,0,0,0,0,0,1,0,0,0,0,0,0,0,0,0,0
2,1,1,1,0,0,0,1,0,0,0,0,0,0,0,0,0,0
3,1,0,0,0,0,0,1,0,0,0,0,0,0,1,0,0,1
4,0,0,0,0,0,0,1,0,0,0,0,0,0,0,0,0,0
5,0,1,0,0,0,0,0,0,0,0,0,0,0,1,0,0,1
6,0,0,0,0,0,0,0,0,1,0,0,0,0,0,0,0,0
7,1,1,0,1,0,0,1,0,0,1,0,0,0,1,0,0,1
8,0,0,1,0,0,0,0,1,1,1,0,0,0,0,0,0,0
9,0,1,1,0,0,0,0,1,1,1,0,0,0,0,0,0,0
10,0,1,1,1,0,0,0,0,0,0,0,0,0,0,0,0,0
11,0,0,1,0,1,0,0,1,1,1,0,0,0,0,0,0,0
12,0,1,0,1,0,0,0,0,0,0,0,0,0,0,0,0,0
13,0,0,1,0,0,0,0,1,1,1,0,0,0,0,0,0,0
14,0,0,0,0,0,0,0,0,1,0,0,0,0,0,0,0,0
15,0,0,0,0,0,0,0,0,1,0,0,0,0,0,0,0,0
16,1,0,0,0,0,0,1,0,0,0,0,1,0,0,0,0,1
17,0,0,1,0,0,0,0,1,1,1,0,0,0,0,0,0,0
18,0,1,1,0,0,0,0,1,1,1,0,0,0,0,0,0,0
19,0,1,0,0,0,1,0,1,1,1,0,0,0,0,0,0,0
20,1,1,1,0,1,1,1,0,0,0,0,0,0,0,0,0,0
21,0,1,1,0,0,0,0,0,0,1,0,0,0,0,0,0,0
22,1,1,0,1,0,1,1,0,0,0,1,0,0,0,0,0,1
23,0,0,0,0,0,1,0,0,0,0,0,0,0,0,0,0,0
24,1,0,1,0,1,1,0,0,0,0,0,0,0,1,0,0,1
25,0,0,0,0,0,0,0,0,0,0,1,0,0,0,0,0,1
26,0,1,0,1,0,0,0,1,1,1,0,0,0,0,0,0,0
27,0,1,0,0,0,0,0,1,1,1,0,0,0,0,0,0,0
28,0,1,1,1,0,0,0,1,1,1,0,0,0,0,0,0,0
29,1,1,0,1,0,0,0,0,0,0,1,0,0,0,0,0,1
30,0,0,0,0,0,0,1,0,0,0,0,1,0,0,0,0,1
31,0,1,1,1,0,0,0,0,0,0,0,0,0,0,0,0,0
32,0,0,0,0,0,0,0,0,0,1,0,0,0,0,0,0,0
33,0,0,1,1,1,0,0,0,0,1,0,0,0,0,0,0,0
34,0,0,1,1,1,0,0,0,0,1,0,0,0,0,0,0,0
35,0,0,1,1,0,0,0,0,0,1,0,0,0,0,0,0,0
36,0,0,1,1,1,0,0,0,0,1,0,0,0,0,0,0,0
37,0,0,0,0,0,0,1,0,0,0,0,0,0,0,0,0,0
38,0,1,1,1,1,0,1,0,0,1,0,0,0,0,0,0,0
39,0,0,1,1,1,0,0,1,0,1,0,0,0,0,0,0,0
40,0,1,0,0,1,1,1,1,0,0,0,0,0,0,0,0,0
41,0,0,0,0,0,0,1,0,0,0,0,0,0,0,0,0,0
42,1,0,0,1,0,0,1,0,0,0,0,0,0,1,0,0,1
43,0,1,0,1,1,0,1,0,0,0,0,0,0,1,0,0,1
44,1,0,1,1,0,0,1,0,0,0,0,0,0,1,0,0,1
45,1,0,0,1,0,0,1,0,0,0,0,0,0,1,0,0,1
46,1,0,0,1,0,0,1,0,0,0,0,0,0,1,0,0,1
47,1,0,0,0,0,0,1,0,0,0,0,0,0,1,0,0,1
48,0,0,1,0,0,1,1,0,0,0,0,1,0,0,0,0,1
49,0,0,0,0,0,1,0,0,0,0,0,0,0,0,0,0,0
50,0,0,0,1,0,0,1,0,0,0,0,0,0,0,0,0,0
51,1,0,1,1,0,0,1,0,0,0,0,0,0,1,0,0,1
52,0,0,0,0,0,0,1,0,0,0,0,0,0,0,0,0,0
53,0,0,0,0,0,1,1,0,0,0,0,0,0,1,0,0,1
54,0,0,0,0,0,0,1,0,0,0,1,0,0,0,0,0,1
55,0,1,0,0,0,0,0,0,0,1,1,0,0,0,0,0,1
56,0,0,1,0,0,1,0,0,0,0,0,0,0,1,0,0,1
57,0,1,0,0,1,0,0,0,0,0,0,0,0,1,0,0,1
58,0,1,0,1,0,0,0,0,0,1,1,0,0,0,0,0,1
59,0,1,0,0,0,0,1,0,0,1,0,0,0,0,0,0,0
60,0,1,1,0,0,1,0,1,0,1,0,0,0,1,0,0,1
61,0,1,0,0,0,1,1,1,0,1,0,0,1,0,0,0,1
62,0,1,0,1,0,0,0,0,0,1,0,0,0,1,0,0,1
63,1,1,0,1,1,0,0,0,0,1,0,0,0,1,0,0,1
64,0,1,0,1,0,0,0,0,0,0,1,0,0,0,0,0,1
65,0,0,0,0,0,1,0,1,0,0,0,0,0,1,0,0,1
66,0,0,1,0,1,1,0,0,0,1,0,0,0,1,0,0,1
67,1,0,0,1,0,1,0,0,0,0,0,0,0,1,0,0,1
68,0,1,0,0,0,0,0,0,0,1,0,0,0,0,0,0,0
69,1,1,0,1,0,0,1,0,0,1,0,0,0,1,0,0,1
70,1,0,0,0,0,0,1,0,0,0,0,1,0,0,0,0,1
71,0,0,0,0,0,0,1,0,0,0,0,0,0,0,0,0,0
72,1,1,1,0,1,1,0,1,0,0,1,0,0,0,0,0,1
73,0,0,1,1,0,0,0,0,0,1,0,0,0,0,0,0,0
74,0,0,1,1,0,0,0,0,0,1,0,0,0,0,0,0,0
75,1,1,1,1,1,0,1,0,0,1,0,0,0,0,0,0,0
76,1,1,1,0,0,0,1,0,0,1,0,0,0,0,0,0,0
77,0,0,1,1,0,0,0,0,0,1,0,0,0,0,0,0,0
78,1,0,1,1,1,0,1,0,0,1,0,0,0,0,0,0,0
79,1,0,1,0,1,0,1,0,0,1,0,0,0,0,0,0,0
80,0,1,1,1,0,0,0,0,0,1,0,0,0,0,0,0,0
81,0,0,1,1,0,0,1,0,0,1,0,0,0,0,0,0,0
82,1,1,0,0,0,0,1,0,0,1,0,0,0,0,0,0,0
83,0,0,0,1,0,0,1,0,0,1,0,0,0,0,0,0,0
84,0,0,1,0,0,0,1,0,0,1,0,0,0,0,0,0,0
85,1,0,0,0,1,1,1,0,0,1,1,0,1,0,0,0,1
86,0,1,1,0,0,0,0,1,0,1,0,0,0,0,0,0,0
87,0,1,0,0,0,1,0,1,1,1,0,0,0,0,0,0,0
88,1,0,1,0,1,1,1,1,0,0,0,1,0,0,0,0,1
89,0,0,0,0,0,0,1,0,0,0,0,0,0,0,0,0,0
90,0,0,0,0,0,0,0,0,0,0,0,1,0,0,0,0,1
91,0,0,0,0,0,1,0,0,0,0,0,0,0,0,0,0,0
92,0,1,0,0,0,1,1,0,0,0,0,0,0,1,0,0,1
93,1,0,0,1,1,1,0,0,0,0,0,1,0,0,0,0,1
94,0,1,1,0,0,1,1,0,0,0,0,0,0,1,0,0,1
95,0,0,0,0,0,0,0,0,1,0,0,0,0,0,0,0,0
96,0,1,0,0,0,0,0,0,0,0,0,0,0,0,0,0,0
97,0,0,0,1,1,1,0,1,0,0,1,0,0,0,0,0,1
98,0,1,0,0,0,0,0,0,0,0,0,0,0,0,0,0,0
99,0,1,1,0,0,0,0,0,0,0,1,0,0,1,0,0,1
100,0,1,1,1,1,1,0,1,0,0,0,0,0,0,0,0,0
101,0,1,0,1,0,0,0,0,1,0,0,0,0,0,0,0,0
102,0,0,0,1,0,0,0,1,1,1,0,0,0,0,0,0,0
103,0,1,0,0,0,0,0,1,1,1,0,0,0,0,0,0,0
104,0,1,1,0,0,1,0,0,0,0,0,0,0,0,0,0,0
105,0,1,0,0,1,0,0,0,0,1,0,0,0,0,0,0,0
106,1,0,1,1,1,0,0,0,0,1,0,0,0,0,0,0,0
107,0,1,0,1,0,0,0,0,0,1,0,0,0,0,0,0,0
108,1,1,1,1,1,1,1,0,0,1,1,0,0,0,0,0,1
109,0,0,0,0,0,0,0,0,1,0,0,0,0,0,0,0,0
110,1,0,0,1,1,0,1,0,0,0,1,0,0,0,0,0,1
111,0,0,0,0,0,0,1,0,0,0,0,0,0,0,0,0,0
112,0,0,0,0,0,0,1,0,1,0,0,0,0,0,0,0,0
113,0,0,0,0,0,0,0,0,1,0,0,0,0,0,0,0,0
114,0,1,1,1,1,0,0,0,0,1,0,0,0,0,0,0,0
115,1,1,1,1,1,1,1,0,0,1,1,0,0,0,0,0,1
116,1,1,0,1,0,0,0,0,0,0,1,0,0,0,0,0,1
117,1,1,0,0,0,0,1,0,1,1,1,0,0,0,0,0,1
118,1,0,0,1,0,0,0,0,0,0,1,0,0,0,0,0,1
119,1,0,1,1,0,0,0,0,0,0,0,0,1,0,0,0,1
120,1,0,0,1,1,0,1,1,0,1,0,0,0,1,0,0,1
121,1,0,0,0,0,0,1,0,0,1,0,0,0,1,0,0,1
122,0,1,0,0,0,0,1,0,0,1,0,1,0,0,0,0,1
123,0,0,0,1,1,1,0,1,0,0,1,0,0,0,0,0,1
124,0,1,0,0,0,0,0,0,0,0,1,0,0,0,0,0,1
125,1,1,1,1,0,1,1,1,0,1,0,0,0,1,0,0,1
126,0,0,1,1,1,0,0,0,0,1,0,0,0,0,0,0,0
127,0,0,1,1,0,0,0,0,0,1,0,0,0,0,0,0,0
128,0,0,1,1,0,0,0,0,0,1,0,0,0,0,0,0,0
129,0,0,1,1,0,0,0,0,0,1,0,0,0,0,0,0,0
130,0,0,0,0,0,1,0,0,0,0,0,0,0,0,0,0,0
131,0,0,0,0,1,1,0,0,0,0,0,0,0,0,0,0,0
132,0,0,1,1,0,0,0,0,0,1,0,0,0,0,0,0,0
133,0,0,0,0,1,0,1,0,0,0,0,1,0,0,0,0,1
134,0,0,1,1,0,0,0,0,0,1,0,0,0,0,0,0,0
135,0,0,0,0,1,1,0,0,0,0,0,0,0,0,0,0,0
136,0,0,1,1,0,0,0,0,0,1,0,0,0,0,0,0,0
137,0,0,1,1,0,0,0,0,0,1,0,0,0,0,0,0,0
138,0,0,0,0,0,1,0,0,0,0,0,0,0,1,0,0,1
139,0,0,1,0,0,0,0,0,0,1,1,0,0,0,0,0,1
140,0,0,1,1,0,0,1,0,0,1,0,0,0,0,0,0,0
141,0,0,1,1,0,0,0,0,0,1,0,0,0,0,0,0,0
142,0,1,1,0,1,1,0,0,0,0,0,0,0,0,0,0,0
143,0,0,1,1,0,0,0,0,0,1,0,0,0,0,0,0,0
144,0,0,1,1,0,0,1,0,0,1,0,0,0,0,0,0,0
145,0,1,0,0,0,1,1,0,0,0,0,0,0,0,0,0,0
146,0,0,1,0,1,1,0,0,0,1,0,0,0,0,0,0,0
147,0,0,1,1,1,0,0,0,0,1,0,0,0,0,0,0,0
148,0,0,0,0,0,1,0,0,0,1,0,0,0,0,0,0,0
149,1,1,1,1,0,0,1,0,0,1,0,1,0,0,0,0,1
150,0,0,0,1,0,0,0,0,0,1,0,0,0,0,0,0,0
151,0,0,1,1,0,1,0,0,0,1,0,0,0,0,0,0,0
152,0,1,1,1,0,0,0,0,0,1,0,0,0,0,0,0,0
153,0,1,1,1,1,0,0,0,0,1,0,0,0,0,0,0,0
154,0,0,1,1,1,0,0,0,0,1,0,0,0,0,0,0,0
155,0,1,1,1,0,0,1,0,0,1,0,0,0,0,0,0,0
156,0,1,1,1,1,0,1,0,0,1,0,0,0,0,0,0,0
157,0,0,1,1,1,0,0,0,0,1,0,0,0,0,0,0,0
158,1,0,1,1,1,0,1,1,0,1,0,0,0,0,0,0,0
159,0,0,1,1,0,0,0,0,0,1,0,0,0,0,0,0,0
160,0,1,0,0,1,1,0,0,0,0,0,0,0,0,0,0,0
161,1,1,0,1,1,1,0,0,0,0,0,0,0,0,0,0,0
162,0,0,1,1,0,0,0,0,0,1,0,0,0,0,0,0,0
163,0,0,1,1,0,0,0,0,0,1,0,0,0,0,0,0,0
164,0,1,1,1,1,0,0,1,0,1,0,0,0,0,0,0,0
165,0,1,1,0,1,1,0,0,0,0,0,0,0,0,0,0,0
166,0,0,1,1,1,0,0,0,0,1,0,0,0,0,0,0,0
167,0,0,1,1,1,0,0,0,0,1,0,0,0,0,0,0,0
168,0,1,1,0,0,0,0,0,0,0,1,0,0,0,0,0,1
169,0,0,0,1,0,0,1,0,0,0,0,0,0,1,0,0,1
170,0,0,1,0,1,1,1,1,0,0,0,0,0,0,0,0,0
171,1,1,0,0,0,1,1,0,0,0,0,0,0,0,0,0,0
172,1,0,1,1,0,1,0,1,0,0,0,0,0,0,0,0,0
173,1,1,0,0,0,0,0,0,0,0,0,1,0,0,0,0,1
174,0,1,0,1,0,0,0,1,1,1,0,0,0,0,0,0,0
175,0,0,0,1,0,0,0,0,0,1,0,0,0,0,0,0,0
176,0,1,1,1,0,0,0,1,1,1,0,0,0,0,0,0,0
177,0,1,0,1,0,0,0,0,1,1,0,0,0,0,0,0,0
178,0,1,1,0,0,0,0,1,1,1,0,0,0,0,0,0,0
179,0,0,0,0,0,0,1,0,0,0,0,0,0,0,0,0,0
180,0,1,0,0,0,0,0,0,0,0,0,0,0,0,0,0,0
181,1,0,0,1,0,0,0,0,0,0,0,1,0,0,0,0,1
182,1,0,0,1,1,1,0,0,0,0,0,1,0,0,0,0,1
183,0,0,1,0,0,1,1,0,0,0,0,1,0,0,0,0,1
184,1,0,0,1,1,1,0,0,0,0,0,1,0,0,0,0,1
185,0,0,0,0,0,1,0,0,0,0,0,1,0,0,0,0,1
186,1,0,1,0,1,1,1,1,0,0,0,1,0,0,0,0,1
187,0,0,1,1,0,1,1,0,0,0,0,1,0,0,0,0,1
188,0,0,0,0,0,0,1,0,0,0,0,0,0,0,0,0,0
189,0,0,0,0,1,0,1,0,0,0,0,1,0,0,0,0,1
190,0,1,0,0,0,0,0,0,0,0,0,0,0,0,0,0,0
191,0,0,0,0,0,0,1,0,0,0,0,0,0,0,0,0,0
192,1,0,0,1,0,1,0,0,0,0,0,1,0,0,0,0,1
193,1,0,0,0,1,1,1,1,0,0,0,1,0,0,0,0,1
194,0,0,0,0,0,0,0,0,0,0,0,1,0,0,0,0,1
195,0,1,0,0,0,0,0,0,0,0,0,1,0,0,0,0,1
196,1,0,0,1,0,0,1,0,1,0,0,1,0,0,0,0,1
197,1,0,0,0,0,0,1,0,0,0,0,1,0,0,0,0,1
198,0,0,0,0,0,1,1,1,0,0,0,1,0,0,0,0,1
199,0,0,0,0,0,1,0,0,0,0,0,0,0,0,0,0,0
200,0,1,1,0,0,0,0,0,0,0,0,1,0,0,0,0,1
201,1,0,0,1,1,1,0,0,0,0,0,1,0,0,0,0,1
202,0,1,0,1,0,1,1,1,0,0,0,1,0,0,0,0,1
203,0,0,0,1,0,0,1,0,1,0,0,1,0,0,0,0,1
204,0,0,0,0,0,1,0,0,0,0,0,0,0,0,0,0,0
205,1,0,0,1,0,0,0,0,0,0,0,1,0,0,0,0,1
206,0,0,0,0,0,1,0,0,0,0,0,0,0,0,0,0,0
207,0,0,1,1,0,1,0,0,0,0,0,0,0,0,0,0,0
208,1,0,0,1,0,0,0,0,0,0,1,0,0,0,0,0,1
209,0,0,1,0,0,1,1,0,0,0,0,0,0,0,0,0,0
210,0,1,1,0,0,1,0,1,0,0,0,0,0,0,0,0,0
211,0,1,1,0,0,1,0,0,0,0,0,0,0,0,0,0,0
212,0,1,0,1,0,0,0,0,0,0,0,0,0,0,0,0,0
213,0,1,0,1,1,0,1,0,0,0,0,0,0,1,0,0,1
214,0,1,0,1,1,0,0,0,0,0,0,0,0,0,0,0,0
215,1,1,1,1,0,0,1,0,1,0,0,0,0,0,0,0,0
216,0,1,0,1,0,0,0,1,0,0,0,0,0,0,0,0,0
217,0,1,1,0,0,1,0,0,0,0,0,0,0,0,0,0,0
218,0,1,1,0,0,1,0,0,0,0,0,0,0,0,0,0,0
219,0,1,0,1,1,0,1,0,0,0,0,0,0,0,0,0,0
220,0,1,0,0,0,0,0,0,1,0,0,0,0,0,0,0,0
221,0,1,1,0,0,1,1,0,0,0,0,0,0,0,0,0,0
222,0,1,1,1,0,0,0,1,0,0,0,0,0,1,0,0,1
223,0,1,1,1,0,0,1,0,0,1,0,0,0,0,0,0,0
224,0,1,0,1,0,0,0,0,1,0,0,0,0,0,0,0,0
225,1,1,1,0,1,1,1,0,0,0,0,0,0,0,0,0,0
226,0,1,0,1,0,0,1,1,0,0,0,0,0,0,0,0,0
227,0,1,0,1,0,0,1,0,0,1,0,0,0,0,0,0,0
228,0,1,0,0,0,1,0,0,0,0,0,0,0,0,0,0,0
229,1,1,1,1,1,0,0,1,0,0,0,0,0,0,0,0,0
230,0,1,1,1,0,0,0,0,0,0,0,0,0,0,0,0,0
231,1,1,0,1,0,0,1,0,0,0,0,0,0,0,0,0,0
232,1,1,0,0,0,1,1,0,0,0,0,0,0,0,0,0,0
233,0,1,1,1,0,1,0,0,0,0,0,0,1,0,0,0,1
234,0,1,1,1,1,0,0,0,0,0,0,0,0,0,0,0,0
235,1,1,0,0,0,0,1,0,0,0,0,0,0,0,0,0,0
236,0,1,0,1,0,0,0,0,1,0,0,0,0,0,0,0,0
237,0,1,1,1,0,0,1,0,0,0,0,0,0,0,0,0,0
238,0,1,0,1,0,0,0,0,0,0,0,0,0,0,0,0,0
239,0,1,0,1,0,0,0,0,0,0,0,0,0,0,0,0,0
240,1,1,1,1,0,0,0,0,0,0,0,0,0,0,0,0,0
241,0,1,1,1,0,0,0,0,0,0,0,0,0,0,0,0,0
242,0,1,1,1,1,0,1,0,0,0,0,0,0,0,0,0,0
243,0,1,0,1,1,0,0,0,1,0,0,0,0,0,0,0,0
244,0,1,1,0,0,1,0,1,0,0,0,0,0,0,0,0,0
245,0,1,1,1,0,0,0,0,0,0,0,0,0,0,0,0,0
246,0,1,0,0,1,1,1,0,0,1,1,0,0,0,0,0,1
247,1,1,1,1,0,0,1,1,0,0,0,0,0,0,0,0,0
248,1,1,0,1,0,0,1,0,0,1,1,0,0,0,0,0,1
249,1,1,0,1,0,0,0,0,0,0,0,0,0,0,0,0,0
250,0,1,0,1,1,1,1,1,0,1,0,1,0,0,0,0,1
251,0,1,1,1,0,0,0,0,0,0,0,0,0,0,0,0,0
252,1,1,0,1,0,0,0,0,0,0,0,0,0,0,0,0,0
253,0,1,0,1,0,0,0,0,0,0,0,0,0,0,0,0,0
254,0,1,1,1,0,0,1,0,0,0,0,0,0,1,0,0,1
255,1,1,0,1,0,0,0,0,0,1,1,0,0,0,0,0,1
256,0,1,1,1,0,0,0,0,0,0,0,0,0,0,0,0,0
257,0,1,0,0,0,1,0,0,0,0,0,0,0,0,0,0,0
258,0,1,0,0,0,0,0,0,0,0,0,0,0,0,0,0,0
259,0,1,1,1,0,0,0,0,0,0,0,0,0,0,0,0,0
260,0,0,0,0,0,0,1,0,0,0,0,0,0,0,0,0,0
261,0,1,0,1,0,0,0,0,0,0,0,0,0,0,0,0,0
262,0,1,1,0,1,1,0,0,0,0,0,0,0,0,0,0,0
263,0,1,0,0,0,0,1,0,0,0,0,0,0,0,0,0,0
264,0,1,0,1,1,0,1,0,0,0,0,0,0,1,0,0,1
265,1,1,0,1,1,0,1,0,0,0,0,0,0,1,0,0,1
266,1,1,0,0,0,0,1,0,0,0,0,0,0,0,0,0,0
267,1,1,0,1,1,0,0,0,1,0,0,0,0,0,0,0,0
268,1,1,0,0,0,1,1,0,0,0,0,0,0,0,0,0,0
269,0,1,0,0,1,0,1,0,0,0,0,0,0,0,0,0,0
270,1,1,1,1,0,0,0,0,0,0,0,0,0,1,0,0,1
271,0,1,0,1,0,0,0,0,1,0,0,0,0,0,0,0,0
272,1,1,0,0,0,0,1,0,0,0,0,0,0,0,0,0,0
273,0,1,0,1,0,1,1,0,0,0,0,0,0,0,0,0,0
274,0,1,0,0,0,0,0,0,0,0,0,0,0,0,0,0,0
275,0,1,0,0,0,1,0,0,0,0,0,0,0,0,0,0,0
276,0,1,0,1,0,0,0,0,0,0,0,0,0,0,0,0,0
277,0,1,1,1,0,0,1,0,0,0,0,0,0,0,0,0,0
278,1,1,0,1,0,0,1,1,0,0,0,0,0,0,0,0,0
279,0,1,0,0,0,1,0,0,0,0,0,0,0,0,0,0,0
280,0,1,0,0,0,1,0,0,0,0,0,0,0,0,0,0,0
281,0,1,0,1,0,0,1,0,0,0,0,0,0,0,0,0,0
282,0,1,0,0,0,1,0,0,0,0,0,0,0,0,0,0,0
283,0,1,0,0,0,1,0,0,0,0,0,0,0,0,0,0,0
284,0,1,1,1,0,0,0,0,0,0,0,0,0,0,0,0,0
285,0,1,0,0,0,0,0,0,0,0,0,0,0,0,0,0,0
286,0,1,1,1,0,1,0,0,0,0,0,0,0,0,0,0,0
287,0,0,0,0,0,0,0,0,0,0,0,0,0,1,0,0,1
288,0,1,1,0,0,1,0,1,0,0,0,0,0,0,0,0,0
289,0,1,0,0,0,1,0,0,0,0,0,0,0,0,0,0,0
290,1,1,1,1,0,0,0,1,0,0,0,0,1,0,0,0,1
291,0,1,1,0,0,0,0,0,0,1,0,0,0,0,0,0,0
292,0,1,1,1,1,0,1,0,0,0,0,0,0,0,0,0,0
293,1,1,0,1,0,0,0,0,0,0,1,0,0,0,0,0,1
294,1,1,1,0,0,0,0,0,0,0,0,0,0,0,0,0,0
295,0,1,0,1,0,0,0,0,0,0,0,0,0,0,0,0,0
296,0,1,1,1,0,0,0,0,0,0,0,0,0,0,0,0,0
297,0,1,0,0,1,0,0,0,0,0,0,1,0,0,0,0,1
298,0,1,1,0,0,1,1,0,0,0,0,0,0,0,0,0,0
299,1,1,0,1,0,0,0,0,0,0,0,0,0,0,0,0,0
300,0,1,0,0,0,0,1,0,0,0,0,0,0,0,0,0,0
301,0,1,0,0,0,0,0,0,0,1,1,0,0,0,0,0,1
302,0,0,1,0,0,1,1,0,0,0,1,0,0,0,0,0,1
303,1,1,1,0,1,1,1,0,0,0,0,0,0,0,0,0,0
304,0,0,0,0,0,1,0,0,0,0,0,0,0,0,0,0,0
305,1,1,1,1,1,1,1,0,0,1,1,0,0,0,0,0,1
306,0,0,0,0,0,1,0,0,0,0,0,0,0,0,0,0,0
307,0,1,0,1,0,0,0,0,0,1,1,0,0,0,0,0,1
308,1,0,0,1,0,0,1,0,0,0,1,0,0,0,0,0,1
309,1,0,1,0,0,1,1,1,0,0,1,0,0,0,0,0,1
310,1,0,0,1,0,1,0,1,0,1,1,0,0,0,0,0,1
311,0,0,0,0,0,1,0,0,0,0,0,0,0,0,0,0,0
312,1,0,0,1,0,0,1,0,0,0,1,0,0,0,0,0,1
313,1,0,0,0,0,0,1,0,0,0,1,0,0,0,0,0,1
314,1,1,0,1,0,0,0,0,0,0,1,0,0,0,0,0,1
315,1,1,0,1,1,0,0,1,0,1,1,0,0,0,0,0,1
316,1,0,1,0,0,1,1,1,0,0,1,0,0,0,0,0,1
317,1,1,1,0,1,1,0,1,0,0,1,0,0,0,0,0,1
318,0,0,0,1,1,1,0,1,0,0,1,0,0,0,0,0,1
319,1,0,0,0,0,0,1,0,0,0,1,0,0,0,0,0,1
320,0,0,1,0,0,1,0,0,0,0,0,0,0,1,0,0,1
321,0,1,0,1,0,0,0,0,0,0,0,0,0,1,0,0,1
322,1,0,1,0,0,1,1,0,0,0,0,0,0,1,0,0,1
323,1,1,0,1,0,0,0,0,0,1,0,0,0,1,0,0,1
324,0,0,0,1,0,0,1,0,0,0,0,0,0,1,0,0,1
325,1,1,0,1,0,0,1,0,0,1,0,0,0,1,0,0,1
326,1,0,0,1,0,0,1,0,0,0,0,0,0,1,0,0,1
327,0,0,0,1,1,0,0,0,1,0,0,0,0,1,0,0,1
328,0,1,0,0,0,1,1,0,0,0,0,0,0,1,0,0,1
329,1,0,0,1,0,0,0,0,0,0,0,0,0,1,0,0,1
330,0,1,0,0,1,0,0,0,0,0,0,0,0,1,0,0,1
331,1,0,1,1,0,0,0,0,0,0,0,0,0,1,0,0,1
332,0,0,1,0,0,1,0,1,0,0,0,0,0,1,0,0,1
333,0,1,1,0,0,1,1,0,0,0,0,0,0,1,0,0,1
334,1,1,0,1,0,0,0,0,0,0,0,0,0,1,0,0,1
335,1,0,1,1,0,0,0,0,0,1,0,0,0,1,0,0,1
336,0,1,1,0,0,1,0,1,0,1,0,0,0,1,0,0,1
337,0,0,0,1,0,0,0,1,0,0,0,0,0,1,0,0,1
338,0,0,0,0,0,1,1,1,0,0,0,0,0,1,0,0,1
339,0,0,0,1,1,0,1,0,0,0,0,1,0,1,0,0,1
340,0,0,0,0,0,1,1,0,0,0,0,0,0,1,0,0,1
341,1,0,0,1,0,0,0,0,0,0,0,0,0,1,0,0,1
342,1,0,0,1,0,0,1,0,0,0,0,0,0,1,0,0,1
343,0,0,0,1,1,0,1,0,0,0,0,0,0,1,0,0,1
344,1,0,0,0,0,0,0,0,0,0,0,0,0,1,0,0,1
345,1,0,0,0,0,0,1,0,0,0,0,0,0,1,0,0,1
346,1,0,0,1,0,0,0,0,0,0,0,0,0,1,0,0,1
347,0,0,0,1,1,0,0,0,0,0,0,0,0,1,0,0,1
348,0,1,0,0,1,0,0,1,0,1,0,0,0,0,0,0,0
349,0,1,0,0,0,0,0,1,0,1,0,0,0,0,0,0,0
350,0,1,0,0,0,0,0,1,0,1,0,0,0,0,0,0,0
351,0,1,0,0,0,0,0,0,1,0,0,0,0,0,0,0,0
352,0,1,0,0,0,0,0,0,1,0,0,0,0,0,0,0,0
353,0,1,0,0,0,0,0,1,1,0,0,0,0,0,0,0,0
354,0,1,0,0,0,0,0,1,1,1,0,0,0,0,0,0,0
355,0,1,0,0,0,0,0,1,1,1,0,0,0,0,0,0,0
356,0,0,0,0,0,0,1,0,0,0,0,0,0,0,0,0,0
357,0,0,0,1,0,0,1,0,0,0,0,0,0,0,0,0,0
358,1,1,0,1,1,0,1,0,0,0,1,0,0,0,0,0,1
359,0,1,1,0,0,1,1,0,0,0,0,0,0,0,0,0,0
360,1,0,1,0,0,1,1,0,0,0,0,0,0,1,0,0,1
361,1,1,0,1,0,0,1,0,0,0,0,0,0,0,0,0,0
362,0,1,1,0,0,1,1,0,0,0,0,0,0,1,0,0,1
363,1,0,1,0,1,1,1,1,0,0,0,1,0,0,0,0,1
364,1,1,1,1,1,1,1,1,0,0,0,0,0,0,0,0,0
365,1,1,0,1,0,1,1,0,0,0,0,0,0,0,0,0,0
366,0,1,1,1,0,0,1,0,0,0,0,0,0,1,0,0,1
367,0,0,0,0,0,0,1,0,0,0,0,0,0,0,0,0,0
368,0,1,1,1,0,0,1,0,0,0,0,0,0,0,0,0,0
369,0,0,0,0,0,0,1,0,0,0,0,0,0,0,0,0,0
370,0,0,0,0,0,0,0,0,0,0,1,0,1,0,0,0,1
371,0,0,1,1,0,0,0,0,0,1,0,0,0,0,0,0,0
372,1,1,1,0,0,0,1,0,0,1,0,0,0,0,0,0,0
373,0,0,0,1,0,0,0,1,1,1,0,0,0,0,0,0,0
374,1,0,1,0,1,0,0,0,0,1,0,0,0,0,0,0,0
375,0,1,0,0,1,0,0,1,0,1,0,0,0,0,0,0,0
376,0,1,1,1,0,0,0,0,0,1,0,0,0,0,0,0,0
377,0,1,1,0,0,0,0,0,0,1,0,0,0,0,0,0,0
378,0,0,1,1,0,0,1,0,0,1,0,0,0,0,0,0,0
379,1,1,0,0,0,1,1,0,0,0,0,0,0,0,0,0,0
380,1,1,1,1,0,0,1,0,0,0,0,0,0,0,0,0,0
381,0,1,0,1,0,0,1,1,0,0,0,0,0,0,0,0,0
382,0,1,0,1,0,0,0,1,1,1,0,0,0,0,0,0,0
383,0,1,1,0,1,0,0,1,1,1,0,0,0,0,0,0,0
384,0,1,0,0,0,0,0,1,1,1,0,0,0,0,0,0,0
385,0,1,0,1,0,0,0,1,1,1,0,0,0,0,0,0,0
386,0,1,0,0,1,0,0,1,0,1,0,0,0,0,0,0,0
387,0,1,0,0,1,0,0,1,0,1,0,0,0,0,0,0,0
388,0,0,0,0,0,0,0,1,1,0,0,0,0,0,0,0,0
389,0,0,1,1,0,0,0,1,1,1,0,0,0,0,0,0,0
390,0,1,0,1,0,0,0,1,1,1,0,0,0,0,0,0,0
391,0,1,1,0,1,0,0,1,1,1,0,0,0,0,0,0,0
392,0,0,1,1,0,0,1,0,0,1,0,0,0,0,0,0,0
393,1,1,0,1,0,0,0,1,1,1,0,0,0,0,0,0,0
394,1,0,1,0,1,0,1,0,0,1,0,0,0,0,0,0,0
395,0,1,0,0,1,0,1,0,0,1,0,0,0,0,0,0,0
396,0,1,0,1,0,0,0,1,1,1,0,0,0,0,0,0,0
397,0,0,0,1,0,0,0,1,1,1,0,0,0,0,0,0,0
398,0,1,0,0,0,0,0,1,1,1,0,0,0,0,0,0,0
399,0,1,0,1,0,0,0,1,1,1,0,0,0,0,0,0,0
400,0,1,0,0,0,0,0,1,1,1,0,0,0,0,0,0,0
401,0,1,0,1,0,0,0,1,1,1,0,0,0,0,0,0,0
402,1,0,0,1,0,0,0,0,0,0,1,0,0,0,0,0,1
403,0,1,1,0,0,1,0,0,0,0,0,0,0,0,0,0,0
404,0,0,1,0,0,1,0,0,0,0,0,0,0,1,0,0,1
405,0,1,0,1,0,0,0,0,0,0,0,0,0,0,0,0,0
406,0,1,0,1,1,0,0,0,0,0,0,0,0,0,0,0,0
407,0,0,0,1,0,0,1,0,0,0,1,0,0,0,0,0,1
408,1,0,1,1,1,0,0,0,0,0,0,0,0,1,0,0,1
409,0,1,0,1,0,0,1,0,0,0,0,0,0,0,0,0,0
410,1,0,0,1,0,0,1,0,0,0,0,0,0,0,0,0,0
411,0,0,0,0,0,1,0,0,0,0,0,0,0,0,0,0,0
412,0,1,0,1,0,0,1,1,0,0,0,0,0,0,0,0,0
413,1,0,1,0,0,1,1,0,0,1,1,0,0,0,0,0,1
414,1,1,0,1,0,0,0,0,0,0,1,0,0,0,0,0,1
415,0,1,1,0,0,0,1,0,0,0,0,0,0,0,0,0,0
416,1,0,0,0,0,1,0,0,0,1,1,0,0,0,0,0,1
417,1,1,0,1,0,0,0,0,0,0,1,0,0,0,0,0,1
418,0,0,1,0,1,1,1,1,0,0,0,0,0,0,0,0,0
419,0,0,0,1,0,0,1,0,0,0,0,0,1,0,0,0,1
420,1,1,0,0,0,0,0,0,0,0,0,0,0,0,0,0,0
421,1,1,0,0,0,0,0,0,0,0,0,0,0,0,0,0,0
422,0,1,0,0,0,0,0,0,0,0,0,0,0,0,0,0,0
423,1,0,0,1,0,0,0,0,0,0,1,0,0,0,0,0,1
424,0,1,1,0,0,1,0,0,0,0,0,0,0,0,0,0,0
425,0,0,1,0,0,1,0,0,0,0,0,0,0,1,0,0,1
426,0,1,0,1,0,0,0,0,0,0,0,0,0,1,0,0,1
427,0,1,0,1,0,0,1,0,0,0,0,0,0,0,0,0,0
428,1,1,0,1,0,0,1,0,0,1,0,0,0,1,0,0,1
429,1,0,1,0,1,0,0,0,0,1,0,0,0,0,0,0,0
430,0,0,1,1,0,0,0,0,0,1,0,0,0,0,0,0,0
431,1,0,1,1,1,0,1,0,0,1,0,0,0,0,0,0,0
432,0,0,1,0,0,0,0,0,0,1,1,0,0,0,0,0,1
433,1,0,0,1,1,0,0,0,1,0,0,0,0,0,0,0,0
434,0,0,1,1,1,0,0,0,0,1,0,0,0,0,0,0,0
435,1,1,0,1,1,1,0,1,0,1,0,0,0,1,0,0,1
436,0,0,1,0,0,0,1,0,0,1,0,0,0,0,0,0,0
437,0,0,1,1,0,0,0,1,1,1,0,0,0,0,0,0,0
438,1,0,0,1,0,0,0,0,0,0,0,1,0,0,0,0,1
439,0,1,0,1,0,0,0,0,1,0,0,0,0,0,0,0,0
440,0,1,0,0,0,0,0,0,0,0,0,0,0,1,0,0,1
441,1,1,1,0,0,0,0,0,0,0,0,0,0,0,0,0,0
442,0,1,0,1,0,0,0,1,1,1,0,0,0,0,0,0,0
443,0,0,1,1,0,0,0,0,0,1,0,0,0,0,0,0,0
444,1,0,0,1,0,0,0,0,0,0,0,1,0,0,0,0,1
445,0,1,1,1,0,0,1,0,0,1,0,0,0,0,0,0,0
446,0,0,1,1,0,0,0,0,0,1,0,0,0,0,0,0,0
447,0,1,0,1,0,0,0,0,1,0,0,0,0,0,0,0,0
448,0,1,1,1,0,0,1,0,0,1,0,0,0,0,0,0,0
449,0,1,0,1,0,0,1,0,0,1,0,0,0,0,0,0,0
450,1,1,1,0,0,0,1,0,0,1,0,0,0,0,0,0,0
451,0,0,1,1,0,0,1,0,0,1,0,0,0,0,0,0,0
452,0,1,1,0,0,0,0,1,0,1,0,0,0,0,0,0,0
453,0,1,0,0,1,0,1,1,1,1,0,0,0,0,0,0,0
454,1,1,1,1,0,0,1,1,0,1,0,0,0,0,0,0,0
455,0,1,1,1,0,0,0,0,0,1,0,0,0,0,0,0,0
456,0,1,1,1,0,0,0,0,0,1,0,0,0,0,0,0,0
457,0,1,1,1,0,0,0,0,0,1,0,0,0,0,0,0,0
458,0,0,1,1,0,0,0,0,0,1,0,0,0,0,0,0,0
459,0,1,1,1,0,0,0,0,0,1,0,0,0,0,0,0,0
460,0,1,1,1,0,0,1,0,0,1,0,0,0,0,0,0,0
461,1,1,0,1,0,0,1,0,1,1,0,1,0,0,0,0,1
462,0,1,1,1,0,0,1,0,0,1,0,0,0,0,0,0,0
463,0,1,0,1,1,0,0,0,1,0,0,0,0,0,0,0,0
464,0,1,1,1,0,0,1,0,0,1,0,0,0,0,0,0,0
465,0,1,1,1,0,0,1,0,0,1,0,0,0,0,0,0,0
466,1,0,1,1,1,0,1,0,0,1,0,0,0,0,0,0,0
467,0,1,0,0,0,0,0,0,0,0,0,0,0,0,0,0,0
468,0,0,1,1,1,0,0,1,0,1,0,0,0,0,0,0,0
469,1,1,0,1,0,0,0,0,0,0,0,0,0,0,0,0,0
470,1,1,1,1,0,0,1,0,0,1,0,0,0,0,0,0,0
471,0,1,1,1,0,0,1,0,0,1,0,0,0,0,0,0,0
472,0,1,1,1,0,0,1,0,0,1,0,0,0,0,0,0,0
473,0,1,1,1,0,0,1,0,0,1,0,0,0,0,0,0,0
474,0,0,1,1,0,0,0,0,0,1,0,0,0,0,0,0,0
475,0,0,1,1,0,0,0,0,0,1,0,0,0,0,0,0,0
476,0,0,1,1,0,0,1,0,0,1,0,0,0,0,0,0,0
477,0,1,1,1,0,1,0,0,0,1,0,0,0,0,0,0,0
478,0,0,1,1,1,0,0,0,0,1,0,0,0,0,0,0,0
479,0,0,1,1,1,0,0,0,0,1,0,0,0,0,0,0,0
480,0,0,1,1,0,0,1,0,0,1,0,0,0,0,0,0,0
481,0,1,1,1,0,0,0,0,0,1,0,0,0,0,0,0,0
482,0,1,1,1,0,0,0,0,0,1,0,0,0,0,0,0,0
483,1,1,0,1,0,0,0,0,0,0,0,0,0,0,0,0,0
484,0,1,1,1,0,0,1,0,0,1,0,0,0,0,0,0,0
485,0,1,0,1,0,0,0,0,1,0,0,0,0,0,0,0,0
486,1,1,1,1,1,0,0,0,0,1,0,0,0,0,0,0,0
487,0,1,1,1,0,0,1,0,0,1,0,0,0,0,0,0,0
488,0,1,1,1,0,0,0,0,0,1,0,0,0,0,0,0,0
489,0,1,1,1,0,0,0,0,0,1,0,0,0,0,0,0,0
490,1,0,1,1,0,0,1,0,0,1,0,0,0,0,0,0,0
491,0,1,1,1,1,0,0,0,0,1,0,0,0,0,0,0,0
492,0,0,1,1,1,0,0,0,0,1,0,0,0,0,0,0,0
493,0,1,1,1,0,0,1,0,0,1,0,0,0,0,0,0,0
494,0,1,1,1,1,0,1,0,0,1,0,0,0,0,0,0,0
495,0,0,1,1,0,0,0,0,0,1,0,0,0,0,0,0,0
496,1,1,1,0,0,0,0,0,0,0,0,0,0,0,0,0,0
497,0,1,1,1,0,0,1,1,0,1,0,0,0,0,0,0,0
498,1,1,0,0,0,1,0,0,0,0,0,0,0,0,0,0,0
499,0,0,1,1,1,0,1,0,0,1,0,0,0,0,0,0,0
500,0,0,1,1,1,0,1,0,0,1,0,0,0,0,0,0,0
501,0,0,1,1,0,0,0,0,0,1,0,0,0,1,0,0,1
502,0,0,1,0,0,0,1,0,0,1,0,0,0,0,0,0,0
503,0,1,1,1,0,0,0,0,0,1,0,0,0,0,0,0,0
504,0,1,1,1,0,0,0,0,0,1,0,0,0,0,0,0,0
505,0,1,1,1,0,0,1,0,0,1,0,0,0,0,0,0,0
506,0,1,1,1,0,0,1,0,0,1,0,0,0,0,0,0,0
507,0,0,1,1,0,0,0,0,0,1,0,0,0,0,0,0,0
508,0,1,0,0,0,0,1,0,0,1,0,0,0,0,0,0,0
509,1,0,1,1,1,0,1,0,0,1,0,0,0,0,0,0,0
510,0,1,1,0,0,0,1,0,0,1,0,0,0,0,0,0,0
511,0,0,1,1,0,0,0,0,0,1,0,0,0,0,0,0,0
512,0,1,1,0,0,1,1,0,0,1,0,0,0,0,0,0,0
513,1,1,1,1,0,0,1,0,0,1,0,0,0,0,0,0,0
514,0,1,0,1,0,0,1,0,0,1,0,0,0,0,0,0,0
515,1,1,0,1,0,0,1,0,0,1,0,0,0,0,0,0,0
516,0,0,1,1,0,0,0,1,1,1,0,0,0,0,0,0,0
517,1,1,0,1,0,0,1,0,0,1,0,0,0,1,0,0,1
518,0,0,0,0,0,0,0,0,1,0,0,0,0,0,0,0,0
519,0,1,1,1,0,0,0,0,1,1,0,0,0,0,0,0,0
520,0,1,0,0,0,0,0,1,0,1,0,0,0,0,0,0,0
521,0,0,1,1,0,0,0,1,1,1,0,0,0,0,0,0,0
522,1,1,0,1,0,0,1,0,0,1,0,0,0,1,0,0,1
523,0,1,1,0,0,1,0,1,0,0,0,0,0,0,0,0,0
524,1,1,0,1,0,0,0,0,0,1,1,0,0,0,0,0,1
525,1,1,0,1,0,0,0,0,0,0,0,0,0,0,0,0,0
526,0,1,0,0,1,0,0,0,0,0,0,0,0,0,0,0,0
527,1,0,1,0,1,0,0,0,0,1,0,0,0,0,0,0,0
528,0,1,0,0,0,0,0,0,0,0,0,0,0,0,0,0,0
529,0,0,0,1,0,0,0,1,1,0,0,0,0,0,0,0,0
530,0,0,0,0,0,0,0,1,1,0,0,0,0,0,0,0,0
531,0,0,1,0,0,0,0,1,1,0,0,0,0,0,0,0,0
532,0,0,0,0,0,0,0,0,1,0,0,0,0,0,0,0,0
533,0,0,1,1,1,0,1,0,0,1,0,0,0,0,0,0,0
534,0,0,1,1,1,0,0,1,0,1,0,0,0,0,0,0,0
535,0,0,1,0,0,0,0,1,1,1,0,0,0,0,0,0,0
536,0,1,1,0,0,0,0,1,1,1,0,0,0,0,0,0,0
537,0,0,1,1,1,0,0,1,0,1,0,0,0,0,0,0,0
538,0,0,1,1,0,0,0,1,0,1,0,0,0,0,0,0,0
539,0,1,1,1,0,0,0,0,0,0,0,0,0,0,0,0,0
540,0,0,1,0,1,0,0,1,1,1,0,0,0,0,0,0,0
541,0,1,0,1,0,0,0,0,0,0,0,0,0,0,0,0,0
542,0,0,1,0,0,0,0,1,1,1,0,0,0,0,0,0,0
543,0,0,0,0,0,0,0,0,1,0,0,0,0,0,0,0,0
544,0,0,1,0,1,0,0,0,1,1,0,0,0,0,0,0,0
545,0,0,0,0,0,0,0,0,1,0,0,0,0,0,0,0,0
546,1,0,1,0,0,0,1,0,0,0,1,0,0,0,0,0,1
547,0,1,1,0,0,0,0,0,0,1,0,0,0,0,0,0,0
548,0,1,1,0,0,0,0,0,0,1,0,0,0,0,0,0,0
549,0,0,1,1,0,0,0,0,0,1,0,0,0,0,0,0,0
550,1,0,0,1,1,0,1,0,0,0,0,0,0,0,0,0,0
551,1,0,1,0,1,0,1,1,0,1,0,0,0,0,0,0,0
552,1,0,1,0,1,0,1,0,0,1,0,0,0,0,0,0,0
553,0,0,1,1,1,0,1,0,0,1,0,0,0,0,0,0,0
554,0,0,1,1,1,0,1,0,0,1,0,0,0,0,0,0,0
555,0,0,1,1,1,0,0,0,0,1,0,0,0,0,0,0,0
556,0,0,1,1,1,0,1,0,0,1,0,0,0,0,0,0,0
557,0,0,1,1,1,0,1,0,0,1,0,0,0,0,0,0,0
558,1,0,1,1,1,0,1,0,0,1,0,0,0,0,0,0,0
559,0,0,1,1,1,0,1,0,0,1,0,0,0,0,0,0,0
560,0,0,0,1,1,0,1,0,0,1,0,0,0,0,0,0,0
561,1,0,1,1,1,0,1,0,0,1,0,0,0,0,0,0,0
562,0,0,1,0,1,0,0,0,1,1,0,0,0,0,0,0,0
563,1,0,0,1,1,0,1,0,0,1,0,0,0,0,0,0,0
564,0,0,1,1,1,0,0,0,0,1,0,0,0,0,0,0,0
565,1,0,1,1,1,0,0,0,0,1,0,0,0,0,0,0,0
566,0,0,1,1,1,0,0,0,0,1,0,0,0,0,0,0,0
567,1,0,1,1,1,0,1,0,0,1,0,0,0,0,0,0,0
568,1,0,1,0,1,0,1,0,0,1,0,0,0,0,0,0,0
569,0,0,1,1,1,0,1,0,0,1,0,0,0,0,0,0,0
570,1,0,0,0,0,0,1,0,0,1,0,0,0,0,0,0,0
571,0,0,1,1,1,0,1,0,0,1,0,0,0,0,0,0,0
572,0,0,1,1,1,0,1,0,0,1,0,0,0,0,0,0,0
573,1,0,1,1,1,0,1,0,0,1,0,0,0,0,0,0,0
574,0,0,1,1,1,0,1,0,0,1,0,0,0,0,0,0,0
575,1,0,1,1,1,0,1,1,0,1,0,0,0,0,0,0,0
576,0,0,1,1,0,0,0,0,0,1,0,0,0,0,0,0,0
577,1,1,1,0,0,0,1,0,0,1,0,0,0,0,0,0,0
578,0,0,1,0,0,0,1,0,0,1,1,0,0,0,0,0,1
579,1,0,1,1,1,0,1,0,0,1,0,0,0,0,0,0,0
580,1,0,1,1,1,0,1,0,0,1,0,0,0,0,0,0,0
581,1,0,1,0,1,0,1,0,0,1,0,0,0,0,0,0,0
582,0,0,1,1,1,0,1,0,0,1,0,0,0,0,0,0,0
583,1,0,1,1,1,0,1,0,0,1,0,0,0,0,0,0,0
584,0,0,0,0,0,1,0,0,0,0,0,0,0,0,0,0,0
585,0,0,1,1,1,0,1,0,0,1,0,0,0,0,0,0,0
586,0,0,1,1,1,0,1,1,0,1,0,0,0,0,0,0,0
587,0,0,1,0,0,0,1,0,0,1,0,0,0,0,0,0,0
588,0,0,1,1,1,0,1,0,0,1,0,0,0,0,0,0,0
589,0,0,1,1,1,0,1,0,0,1,0,0,0,0,0,0,0
590,0,0,1,0,0,0,1,0,0,1,0,0,0,0,0,0,0
591,0,0,1,1,1,0,0,0,0,1,0,0,0,0,0,0,0
592,0,0,1,1,1,0,1,0,0,1,0,0,0,0,0,0,0
593,1,0,1,1,1,0,0,0,0,1,0,0,0,0,0,0,0
594,1,0,1,1,1,0,1,0,0,1,0,0,0,0,0,0,0
595,0,0,1,0,1,0,1,0,0,1,0,0,0,0,0,0,0
596,1,0,1,1,1,0,1,0,0,1,0,0,0,0,0,0,0
597,0,0,1,1,0,0,1,0,0,1,0,0,0,0,0,0,0
598,0,0,1,1,1,0,1,0,0,1,0,0,0,0,0,0,0
599,0,0,0,1,1,0,1,0,0,1,0,0,0,0,0,0,0
600,0,0,0,1,1,0,1,0,0,1,0,0,0,0,0,0,0
601,1,0,1,1,1,0,0,0,0,1,0,0,0,0,0,0,0
602,0,1,0,1,1,1,1,0,0,1,0,0,0,0,0,0,0
603,1,0,1,1,1,1,1,0,0,1,1,0,0,0,0,0,1
604,0,1,0,1,0,0,0,1,1,1,0,0,0,0,0,0,0
605,0,1,0,0,0,0,0,1,1,1,0,0,0,0,0,0,0
606,0,1,0,0,0,0,0,1,1,1,0,0,0,0,0,0,0
607,0,0,0,0,0,0,0,1,1,1,0,0,0,0,0,0,0
608,0,1,0,0,0,0,0,1,1,1,0,0,0,0,0,0,0
609,0,0,0,0,0,0,0,1,1,1,0,0,0,0,0,0,0
610,0,1,0,0,0,0,0,1,1,0,0,0,0,0,0,0,0
611,0,1,0,0,0,0,0,1,1,0,0,0,0,0,0,0,0
612,0,1,1,1,0,1,0,0,0,0,0,0,0,0,0,0,0
613,0,0,1,1,1,0,0,1,0,1,0,0,0,0,0,0,0
614,0,0,1,1,0,0,0,1,1,1,0,0,0,0,0,0,0
615,0,0,0,1,0,0,0,1,1,1,0,0,0,0,0,0,0
616,0,0,1,1,0,0,0,1,0,1,0,0,0,0,0,0,0
617,0,1,1,1,0,0,0,1,1,1,0,0,0,0,0,0,0
618,0,1,0,0,0,0,0,1,1,1,0,0,0,0,0,0,0
619,0,0,0,0,1,0,0,1,0,1,0,0,0,0,0,0,0
620,0,0,0,0,0,0,0,1,1,0,0,0,0,0,0,0,0
621,0,0,0,1,1,0,0,0,0,1,0,0,0,0,0,0,0
622,0,1,1,1,0,0,0,1,0,1,0,0,0,0,0,0,0
623,0,1,1,1,1,0,0,0,1,1,0,0,0,0,0,0,0
624,0,1,1,1,0,0,0,0,1,1,0,0,0,0,0,0,0
625,0,1,1,1,0,0,0,0,1,1,0,0,0,0,0,0,0
626,0,0,1,1,0,0,0,0,1,1,0,0,0,0,0,0,0
627,0,1,1,1,0,0,0,0,1,0,0,0,0,0,0,0,0
628,0,1,1,1,0,0,0,0,1,1,0,0,0,0,0,0,0
629,0,1,1,0,0,0,0,0,1,1,0,0,0,0,0,0,0
630,0,1,1,1,1,0,0,0,1,1,0,0,0,0,0,0,0
631,0,1,1,0,0,0,0,0,1,1,0,0,0,0,0,0,0
632,0,1,1,1,0,0,0,1,1,1,0,0,0,0,0,0,0
633,0,0,0,0,0,0,0,1,1,1,0,0,0,0,0,0,0
634,0,0,1,1,0,0,0,1,0,1,0,0,0,0,0,0,0
635,0,1,0,0,0,0,0,1,1,1,0,0,0,0,0,0,0
636,0,1,0,0,0,0,0,1,1,0,0,0,0,0,0,0,0
637,0,1,1,1,0,0,0,0,1,1,0,0,0,0,0,0,0
638,0,1,1,0,0,0,0,1,1,1,0,0,0,0,0,0,0
639,0,1,1,1,0,0,0,1,1,1,0,0,0,0,0,0,0
640,0,0,1,1,1,0,0,1,0,1,0,0,0,0,0,0,0
641,0,1,0,1,0,0,0,1,1,1,0,0,0,0,0,0,0
642,0,0,1,1,0,0,0,1,1,1,0,0,0,0,0,0,0
643,0,0,0,0,0,0,0,0,1,0,0,0,0,0,0,0,0
644,0,1,1,0,0,0,0,0,1,1,0,0,0,0,0,0,0
645,0,0,1,1,0,0,0,1,1,1,0,0,0,0,0,0,0
646,0,1,0,1,0,0,0,1,1,1,0,0,0,0,0,0,0
647,0,1,0,1,0,0,0,1,1,1,0,0,0,0,0,0,0
648,0,1,0,1,0,0,0,1,0,1,0,0,0,0,0,0,0
649,0,0,1,1,0,0,0,1,1,1,0,0,0,0,0,0,0
650,0,0,1,1,0,0,0,0,1,1,0,0,0,0,0,0,0
651,0,0,1,1,0,0,0,0,1,1,0,0,0,0,0,0,0
652,0,0,0,0,0,0,0,1,1,0,0,0,0,0,0,0,0
653,0,0,1,1,0,0,0,1,1,1,0,0,0,0,0,0,0
654,0,1,0,1,0,0,0,1,1,1,0,0,0,0,0,0,0
655,0,1,0,0,0,0,0,1,1,1,0,0,0,0,0,0,0
656,0,1,0,1,0,0,0,1,1,1,0,0,0,0,0,0,0
657,0,1,1,0,1,0,0,1,0,1,0,0,0,0,0,0,0
658,0,1,0,0,0,0,0,1,1,1,0,0,0,0,0,0,0
659,0,1,0,0,0,0,0,1,1,0,0,0,0,0,0,0,0
660,0,1,1,0,1,0,0,1,1,1,0,0,0,0,0,0,0
661,0,1,0,0,0,0,0,1,1,0,0,0,0,0,0,0,0
662,0,1,0,0,1,0,0,1,0,1,0,0,0,0,0,0,0
663,0,1,0,0,1,0,0,1,0,1,0,0,0,0,0,0,0
664,0,1,0,0,0,0,0,1,1,1,0,0,0,0,0,0,0
665,0,1,0,1,1,0,0,1,0,1,0,0,0,0,0,0,0
666,0,1,0,0,1,0,0,1,0,1,0,0,0,0,0,0,0
667,0,1,1,0,1,0,0,1,0,1,0,0,0,0,0,0,0
668,0,1,0,0,0,0,0,1,1,1,0,0,0,0,0,0,0
669,0,1,1,1,1,0,0,1,0,1,0,0,0,0,0,0,0
670,0,1,0,0,1,0,0,1,0,1,0,0,0,0,0,0,0
671,0,0,0,0,0,0,0,0,1,0,0,0,0,0,0,0,0
672,0,1,0,0,0,0,0,0,1,0,0,0,0,0,0,0,0
673,0,1,0,0,0,0,0,0,1,0,0,0,0,0,0,0,0
674,0,1,1,0,1,0,0,1,0,1,0,0,0,0,0,0,0
675,0,1,0,0,0,0,0,1,1,1,0,0,0,0,0,0,0
676,0,1,0,0,1,0,0,1,0,1,0,0,0,0,0,0,0
677,0,1,0,0,0,0,0,1,0,1,0,0,0,0,0,0,0
678,0,1,0,0,0,0,0,1,1,1,0,0,0,0,0,0,0
679,0,1,0,1,0,0,0,1,1,1,0,0,0,0,0,0,0
680,0,1,0,1,0,0,0,1,1,1,0,0,0,0,0,0,0
681,0,0,0,0,0,0,0,1,1,1,0,0,0,0,0,0,0
682,0,0,0,0,0,0,0,1,1,1,0,0,0,0,0,0,0
683,0,1,0,0,0,0,0,1,1,1,0,0,0,0,0,0,0
684,0,1,0,1,0,0,0,1,1,1,0,0,0,0,0,0,0
685,0,1,0,1,0,0,0,1,1,1,0,0,0,0,0,0,0
686,0,1,0,0,0,0,0,1,1,1,0,0,0,0,0,0,0
687,0,1,0,1,0,0,0,1,1,1,0,0,0,0,0,0,0
688,0,1,0,0,0,0,0,1,1,1,0,0,0,0,0,0,0
689,0,1,1,1,0,0,0,1,1,1,0,0,0,0,0,0,0
690,0,1,1,0,0,0,0,1,1,1,0,0,0,0,0,0,0
691,0,0,0,0,0,0,0,1,1,1,0,0,0,0,0,0,0
692,0,1,0,0,0,0,0,1,1,1,0,0,0,0,0,0,0
693,0,1,0,1,0,0,0,1,1,1,0,0,0,0,0,0,0
694,0,1,0,0,0,0,0,1,1,1,0,0,0,0,0,0,0
695,0,0,0,1,0,0,0,1,1,1,0,0,0,0,0,0,0
696,0,0,0,0,1,0,0,1,1,1,0,0,0,0,0,0,0
697,0,0,0,0,0,0,0,1,1,1,0,0,0,0,0,0,0
698,0,1,0,0,0,0,0,1,1,1,0,0,0,0,0,0,0
699,0,1,0,1,0,0,0,1,1,1,0,0,0,0,0,0,0
700,0,1,0,0,0,0,0,1,0,1,0,0,0,0,0,0,0
701,0,0,0,0,0,0,0,1,1,1,0,0,0,0,0,0,0
702,0,1,0,0,0,0,0,1,1,0,0,0,0,0,0,0,0
703,0,1,0,0,0,0,0,1,0,1,0,0,0,0,0,0,0
704,0,1,0,0,0,0,0,1,0,1,0,0,0,0,0,0,0
705,0,1,0,1,0,0,0,1,1,1,0,0,0,0,0,0,0
706,0,1,0,0,0,0,0,1,1,1,0,0,0,0,0,0,0
707,0,1,0,0,0,0,0,1,1,1,0,0,0,0,0,0,0
708,0,1,0,0,0,0,0,1,1,1,0,0,0,0,0,0,0
709,0,1,0,1,0,0,0,1,1,1,0,0,0,0,0,0,0
710,0,1,0,0,0,0,0,1,1,1,0,0,0,0,0,0,0
711,0,0,0,0,0,0,0,1,1,1,0,0,0,0,0,0,0
712,0,1,0,0,0,0,0,1,1,1,0,0,0,0,0,0,0
713,0,1,0,1,0,0,0,1,1,1,0,0,0,0,0,0,0
714,0,1,0,0,0,0,0,1,1,1,0,0,0,0,0,0,0
715,0,1,0,0,0,0,0,1,1,1,0,0,0,0,0,0,0
716,0,0,0,0,0,0,0,1,1,1,0,0,0,0,0,0,0
717,0,1,0,1,0,0,0,1,1,1,0,0,0,0,0,0,0
718,0,1,0,0,0,0,0,1,1,1,0,0,0,0,0,0,0
719,0,1,0,0,0,0,0,1,1,1,0,0,0,0,0,0,0
720,0,0,0,0,0,0,0,1,1,1,0,0,0,0,0,0,0
721,0,1,0,0,0,0,0,1,1,1,0,0,0,0,0,0,0
722,0,1,0,1,0,0,0,1,1,1,0,0,0,0,0,0,0
723,0,1,0,0,0,0,0,1,1,1,0,0,0,0,0,0,0
724,0,1,0,0,0,0,0,1,1,1,0,0,0,0,0,0,0
725,0,1,1,1,0,0,0,1,1,1,0,0,0,0,0,0,0
726,0,0,0,0,0,0,0,1,1,1,0,0,0,0,0,0,0
727,0,0,1,1,0,0,0,1,1,1,0,0,0,0,0,0,0
728,0,1,0,0,0,0,0,1,1,1,0,0,0,0,0,0,0
729,0,1,0,0,0,0,0,1,1,1,0,0,0,0,0,0,0
730,0,1,0,1,0,0,0,1,1,1,0,0,0,0,0,0,0
731,0,1,0,1,0,0,0,1,1,1,0,0,0,0,0,0,0
732,0,1,0,0,0,0,0,1,1,1,0,0,0,0,0,0,0
733,0,1,0,0,0,0,0,1,1,1,0,0,0,0,0,0,0
734,0,1,0,0,0,0,0,1,1,1,0,0,0,0,0,0,0
735,0,0,0,1,0,0,0,1,1,1,0,0,0,0,0,0,0
736,0,1,0,0,0,0,0,1,1,1,0,0,0,0,0,0,0
737,0,1,0,1,0,0,0,0,1,1,0,0,0,0,0,0,0
738,0,1,0,0,0,0,0,1,1,1,0,0,0,0,0,0,0
739,0,1,0,1,0,0,0,1,1,1,0,0,0,0,0,0,0
740,0,1,0,0,0,0,0,1,1,1,0,0,0,0,0,0,0
741,0,1,0,0,0,0,0,1,1,1,0,0,0,0,0,0,0
742,0,0,0,0,0,0,0,1,1,1,0,0,0,0,0,0,0
743,0,1,0,0,0,0,0,1,0,1,0,0,0,0,0,0,0
744,0,1,0,0,0,0,0,1,1,1,0,0,0,0,0,0,0
745,0,0,1,0,0,0,0,1,1,1,0,0,0,0,0,0,0
746,0,0,0,0,0,0,0,0,1,1,0,0,0,0,0,0,0
747,0,0,0,1,0,0,0,1,1,1,0,0,0,0,0,0,0
748,0,1,0,0,0,0,0,1,1,1,0,0,0,0,0,0,0
749,0,0,0,0,0,0,0,1,1,1,0,0,0,0,0,0,0
750,0,1,0,0,0,0,0,1,1,1,0,0,0,0,0,0,0
751,0,0,1,0,0,0,0,1,1,1,0,0,0,0,0,0,0
752,0,0,0,0,0,0,0,1,1,1,0,0,0,0,0,0,0
753,0,1,0,0,0,0,0,1,1,1,0,0,0,0,0,0,0
754,1,0,0,1,0,0,0,0,0,1,0,0,0,0,0,0,0
755,0,1,0,1,0,0,0,1,1,1,0,0,0,0,0,0,0
756,0,1,0,0,0,0,0,1,0,1,0,0,0,0,0,0,0
757,0,1,0,0,0,0,0,1,1,0,0,0,0,0,0,0,0
758,0,1,0,1,0,0,0,1,1,1,0,0,0,0,0,0,0
759,0,1,0,0,0,0,0,1,1,1,0,0,0,0,0,0,0
760,0,1,0,1,0,0,0,1,1,1,0,0,0,0,0,0,0
761,0,1,0,0,0,0,0,1,1,1,0,0,0,0,0,0,0
762,0,1,0,1,0,0,0,1,1,1,0,0,0,0,0,0,0
763,0,0,0,1,1,0,0,1,0,1,0,0,0,0,0,0,0
764,0,0,0,0,0,0,0,1,1,1,0,0,0,0,0,0,0
765,0,0,0,1,1,0,0,1,0,1,0,0,0,0,0,0,0
766,0,1,0,0,0,0,0,1,1,1,0,0,0,0,0,0,0
767,0,1,0,1,0,0,0,1,1,1,0,0,0,0,0,0,0
768,0,1,1,1,0,0,0,1,0,1,0,0,0,0,0,0,0
769,0,1,0,0,0,0,0,1,1,1,0,0,0,0,0,0,0
770,0,0,0,1,0,0,0,1,1,1,0,0,0,0,0,0,0
771,0,1,1,0,0,0,0,1,1,1,0,0,0,0,0,0,0
772,0,1,0,0,0,0,0,1,1,1,0,0,0,0,0,0,0
773,0,1,0,0,0,0,0,1,0,1,0,0,0,0,0,0,0
774,0,1,0,0,0,0,0,1,0,1,0,0,0,0,0,0,0
775,0,1,0,1,0,0,0,1,1,1,0,0,0,0,0,0,0
776,0,0,1,1,0,0,0,1,1,1,0,0,0,0,0,0,0
777,0,1,1,0,0,0,0,1,0,1,0,0,0,0,0,0,0
778,0,1,0,0,0,0,0,1,1,1,0,0,0,0,0,0,0
779,0,0,0,1,0,0,0,1,1,1,0,0,0,0,0,0,0
780,0,1,0,1,0,0,0,1,1,1,0,0,0,0,0,0,0
781,0,0,0,1,0,0,0,1,1,1,0,0,0,0,0,0,0
782,0,1,0,1,0,0,0,1,1,1,0,0,0,0,0,0,0
783,0,1,0,0,0,0,0,0,0,1,0,0,0,0,0,0,0
784,0,1,1,0,1,0,0,1,1,1,0,0,0,0,0,0,0
785,0,1,1,0,0,1,0,0,0,0,0,0,0,0,0,0,0
786,0,1,1,0,0,1,0,0,0,0,0,0,0,0,0,0,0
787,0,1,1,0,0,1,1,0,0,0,0,0,0,0,0,0,0
788,0,1,0,0,0,0,0,1,1,1,0,0,0,0,0,0,0
789,0,1,0,0,0,0,0,0,1,0,0,0,0,0,0,0,0
790,0,1,0,0,0,0,0,1,1,1,0,0,0,0,0,0,0
791,0,0,0,1,0,0,1,0,0,0,0,0,0,0,0,0,0
792,0,1,1,0,0,0,0,1,0,1,0,0,0,0,0,0,0
793,0,1,1,0,0,1,0,0,0,0,0,0,0,0,0,0,0
794,0,1,0,0,0,0,0,0,1,0,0,0,0,0,0,0,0
795,0,0,1,0,0,1,1,0,0,0,1,0,0,0,0,0,1
796,0,1,0,1,0,0,0,0,0,0,0,0,0,1,0,0,1
797,0,0,1,0,1,1,1,1,0,0,0,0,0,0,0,0,0
798,0,1,0,0,1,1,1,1,0,0,0,0,0,0,0,0,0
799,0,0,1,1,1,0,0,1,0,1,0,0,0,0,0,0,0
800,0,1,0,0,0,0,0,1,1,1,0,0,0,0,0,0,0
801,1,0,1,0,0,1,1,1,0,1,1,0,0,0,0,0,1
802,0,0,1,0,0,1,0,1,0,0,0,0,0,1,0,0,1
803,1,0,1,1,1,0,1,0,0,1,0,0,0,0,0,0,0
804,0,1,0,1,0,0,0,1,0,1,0,0,0,0,0,0,0
805,0,0,1,1,1,0,1,0,0,1,0,0,0,0,0,0,0
806,0,0,0,1,1,0,1,0,0,1,0,0,0,0,0,0,0
807,1,0,1,1,1,0,1,0,0,1,0,0,0,0,0,0,0
808,1,1,0,0,0,0,1,0,0,0,0,0,0,0,0,0,0
809,0,0,1,1,1,0,1,0,0,1,0,0,0,0,0,0,0
810,1,0,1,0,0,1,1,1,0,0,0,0,0,0,0,0,0
811,0,0,1,1,0,0,0,0,0,1,0,0,0,0,0,0,0
812,0,0,1,1,1,0,1,0,0,1,0,0,0,0,0,0,0
813,0,1,0,0,0,0,0,0,0,1,1,0,0,0,0,0,1
814,0,1,0,1,0,0,0,0,0,1,1,0,0,0,0,0,1
815,0,1,0,0,0,0,0,0,0,0,0,0,0,0,0,0,0
816,0,0,1,1,0,0,0,0,0,1,0,0,0,0,0,0,0
817,0,1,0,0,0,1,0,0,0,0,0,0,0,0,0,0,0
818,1,1,1,1,0,0,0,1,0,0,0,0,1,0,0,0,1
819,0,1,1,0,0,0,1,0,0,0,0,0,0,1,0,0,1
820,0,1,0,1,0,0,0,1,0,0,0,0,0,0,0,0,0
821,0,1,1,1,0,1,0,1,0,0,0,0,0,0,0,0,0
822,1,1,0,1,0,0,1,0,1,1,0,0,0,0,0,0,0
823,0,1,1,1,0,1,0,0,0,0,0,0,0,0,0,0,0
824,0,1,1,0,0,1,1,1,0,0,0,1,0,0,0,0,1
825,0,1,0,0,0,1,1,0,0,0,1,0,0,0,0,0,1
826,0,1,1,0,0,1,1,0,0,0,0,0,0,1,0,0,1
827,0,1,0,0,0,1,0,1,1,1,0,0,0,0,0,0,0
828,0,1,1,0,0,1,0,0,0,0,0,0,0,0,0,0,0
829,0,0,0,0,0,0,0,0,0,1,0,0,0,0,0,0,0
830,0,0,0,1,1,0,0,0,1,0,0,0,0,1,0,0,1
831,1,1,0,1,1,0,0,0,1,0,0,0,0,0,0,0,0
832,0,0,1,1,0,0,0,1,1,1,0,0,0,0,0,0,0
833,0,0,0,0,0,0,1,0,0,0,0,0,0,0,0,0,0
834,0,0,0,0,0,1,0,0,0,0,0,0,0,1,0,0,1
835,1,0,0,0,0,0,1,1,0,0,0,0,1,0,0,0,1
836,1,0,0,0,0,1,0,1,0,0,1,0,1,0,0,0,1
837,0,0,0,0,0,0,1,0,0,0,0,0,0,1,0,0,1
838,0,0,0,1,0,1,1,0,0,0,0,1,0,1,0,0,1
839,0,1,1,1,0,0,0,0,0,0,0,0,0,0,0,0,0
840,0,1,1,1,0,0,0,1,1,1,0,0,0,0,0,0,0
841,0,1,0,0,0,0,0,0,0,0,0,0,0,0,0,0,0
842,0,1,0,0,0,0,0,0,0,0,0,0,0,0,0,0,0
843,0,0,1,1,1,0,0,0,0,1,0,0,0,0,0,0,0
844,0,0,0,0,0,0,0,0,1,0,0,0,0,0,0,0,0
845,0,0,0,0,0,0,0,0,1,0,0,0,0,0,0,0,0
846,0,0,0,0,1,0,1,0,0,0,0,0,0,0,0,0,0
847,0,1,0,0,1,0,0,0,0,0,0,0,0,0,0,0,0
848,1,1,0,1,0,0,1,0,1,0,0,1,0,0,0,0,1
849,0,0,0,1,0,0,0,0,0,1,0,0,0,0,0,0,0
850,0,0,0,0,0,0,0,0,1,0,0,0,0,0,0,0,0
851,1,0,0,1,0,0,1,0,0,0,0,0,0,1,0,0,1
852,1,1,0,1,0,0,0,0,0,0,0,0,0,1,0,0,1
853,1,0,0,0,1,1,1,1,0,0,0,1,0,0,0,0,1
854,0,1,1,1,0,0,1,0,0,0,0,0,0,0,0,0,0
855,0,1,1,1,1,1,0,0,0,0,0,0,0,0,0,0,0
856,0,1,1,1,0,0,1,0,0,0,0,0,0,0,0,0,0
857,0,0,0,0,0,0,1,0,0,0,0,0,0,1,0,0,1
858,1,1,0,1,0,0,0,0,0,0,0,0,0,0,0,0,0
859,0,0,0,0,0,0,1,0,0,0,0,0,0,0,0,0,0
860,0,1,1,1,0,0,0,0,1,1,0,0,0,0,0,0,0
